insert into user values
  ('armandsyl','password','sylvain.armand@gmail.com','0102030405','1 rue Charles de Gaulle 76600 LE HAVRE'),
  ('clercma','password','max.clerc@gmail.com','0602030405','87 avenue Victor Hugo 45200 MONTARGIS'),
  ('senetal','password','alexandre.senet@gmail.com','0702030405','1 rue Charles de Gaulle 17500 BERGERAC');

insert into category values
  ('',NULL),
  ('Chaton',''),
  ('Mignon','Chaton'),
  ('Drole','Chaton'),
  ('Chat',''),
  ('Fat','Chat'),
  ('Colerique','Chat'),
  ('MANGE TON AME','Chat');

insert into products values
  (0,'He He',21,'0.png','Chat d un ancien president ','Mignon','clercma'),
  (1,'Gros yeux',42,'1.jpg','je te voie','Mignon','clercma'),
  (2,'Angry cat',38,'2.jpg','je suis joyeux','Colerique','clercma'),
  (3,'Big cat',74,'3.jpg','US cat','Fat','senetal'),
  (4,'Chat Masque',56,'4.jpg','Vous ne savez pas ce quil prepare','Mignon','senetal'),
  (5,'Chat percher',74,'5.jpg','Big broser waching you','MANGE TON AME','senetal'),
  (6,'ChatLine',39,'6.jpg','Si je nes pas mes croquette tu vas au goulag','MANGE TON AME','senetal'),
  (7,'Chatdolf ',88,'7.jpg','Ich möchte etwas Krokette ! ','Colerique','senetal'),
  (8,'Chat pito',9,'8.jpg','un chat en toute cirque constance  ','drole','senetal'),
  (9,'Chat peau',13,'9.jpg','Pour reste elegant en toute situation ','Mignon','senetal'),
  (10,'Chat kira',70,'10.jpg','Chat minet he he  ','Drole','senetal'),
  (11,'Chatbitre',32,'11.jpg','Ce chat insique le vainqueure avec des drapeau','Drole','senetal'),
  (12,'Chacripan',71,'12.png','Il vole des gen pour le plaisire mais il est tellment mingnon que ces dernie finisse toujours par lui pardone','Colerique','senetal'),
  (13,'chaglam',56,'13.png','Il nesitera pas as vole des nid et as sy instale','Drole','senetal'),
  (14,'chat latan',300,'14.jpg','Ne vous fier pas au aparence il veut profite de votre faiblaisse (enfaint comme tout les chat )','MANGE TON AME','senetal'),
  (15,'Chao Zetong',4,'15.jpg','Un chat un estoma , un rond rond as panioer ','MANGE TON AME','senetal'),
  (16,'chaprichti',11,'16.jpg',' Ho mince alors ! ','MANGE TON AME','senetal'),
  (17,'chi chat',18,'17.jpg',' Jai pris tros d herbe as chat ','Fat','senetal'),
  (18,'chat milo',31,'18.jpg',' Je suis beau comme un dieux ','Mignon','senetal'),
  (19,'chat pitre',64,'19.jpg',' Ce chat est toujours as la page  ','Mignon','senetal'),
  (20,'chat gin',64,'20.png',' Ce chat n as pas eu de chance allez le consoler ','Mignon','senetal'),
  (21,'chat hute',64,'21.jpg',' Ces chat ne vons pas ce blaisse il ne font que samuser  ','Mignon','senetal'),
  (22,'chat l(heure)',37,'22.jpg',' Idela pour les longure soire d hiver ce chat sera vous rechaufer ','chat','senetal'),
  (23,'chat lenge',54,'23.jpg',' Ce chat sportife relevra nimporte quelle defit , pour mange  ','Fat','senetal'),
  (24,'chat laid',21,'24.jpg','Meme si il net pas tres beau on l aime quand meme ','Fat','senetal'),
  (25,'chat loupe',83,'25.jpg',' Ce chat aime l eau et il as le pied marin  ','chat','senetal'),
  (26,'chat lutier',54,'26.jpg','Ce dernie poura vous reveille la nuit mais en musique , il sera en parfait acord avec vous  ','chat','senetal'),
  (27,'chat botte',16,'27.jpg',' Connaiser vous mon mettre le marquis de carabas  ','drole','senetal')
  ;

INSERT INTO panier Values ('clercma',1,1),('clercma',3,1);

--chat dolf hitler
--chat pito
-- chat kira
--chat peau
--charbitre (#splatoon)
--chacripan,chaglam,chaffreux (pokemon)
--chat rlatan
--chao zedong
--chtaline
--chaprichtiif(isset($_SESSION['user'])){
--chi chat
--chat milo
--chat pitre
--chat grin
--chat hute
--chat l'heure
--chat lenge
--chat lait
--chat loupe
--chat lutier
--chat botte


--chat maille
--chat man
--chat moi
--chat pardeur
--chat pelure
--chat spaka
--chat bon
--chat cutire
--chat rio
--chat pie
--chatr man
--chat rie
--chat seur
--chat tainge (miss taigne)
--chat teau
--chat toyan
--chat vire
