insert into user values
  ('armandsyl','password','sylvain.armand@gmail.com','0102030405','1 rue Charles de Gaulle 76600 LE HAVRE'),
  ('clercma','password','max.clerc@gmail.com','0602030405','87 avenue Victor Hugo 45200 MONTARGIS'),
  ('senetal','password','alexandre.senet@gmail.com','0702030405','1 rue Charles de Gaulle 17500 BERGERAC');

insert into category values
  ('',NULL),
  ('Chaton',''),
  ('Mignon','Chaton'),
  ('Drole','Chaton'),
  ('Chat',''),
  ('Fat','Chat'),
  ('Colerique','Chat'),
  ('MANGE TON AME','Chat');
--Inser valeur 
insert into products values
  (0,'He He',21,'0.png','Chat d un ancien president ','Mignon','clercma'),
  (1,'Gros yeux',42,'1.jpg','Je te voie','Mignon','clercma'),
  (2,'Angry cat',38,'2.jpg','Je suis joyeux','Colerique','clercma'),
  (3,'Big cat',74,'3.jpg','US cat','Fat','senetal'),
  (4,'Chat Masque',56,'4.jpg','Vous ne savez pas ce qu il prepare','Mignon','senetal'),
  (5,'Chat percher',74,'5.jpg','Big brother is watching you','MANGE TON AME','senetal'),
  (6,'Chtaline',39,'6.jpg','Si moi pas avoir croquettes toi aller goulag','MANGE TON AME','senetal'),
  (7,'Chadolf ',88,'7.jpg','Ich möchte etwas Krokette !','Colerique','senetal'),
  (8,'Chapito',9,'8.jpg','Un chat en toute cirque-onstance','drole','senetal'),
  (9,'Chapeau',13,'9.jpg','Pour rester elegant en toute situation ','Mignon','senetal'),
  (10,'Chakira',70,'10.jpg','Chat minet minet he he','Drole','senetal'),
  (11,'Charbitre',32,'11.jpg','Chat qui donne la quantite d encre sur le terrain !','Drole','senetal'),
  (12,'Chacripan',71,'12.png','Il vole des gens pour le plaisir, mais il est tellement mignon que ces derniers finissent toujours par lui pardonner','Colerique','senetal'),
  (13,'Chaglam',56,'13.png','Il n hesitera pas a voler des nids et a s y installer','Drole','senetal'),
  (14,'Charlatan',300,'14.jpg','Ne vous fiez pas aux apparences ! Il veut profiter de votre faiblesse. Comme tous les cats, en fait.','MANGE TON AME','senetal'),
  (15,'Chao Zedong',4,'15.jpg','Un chat a un estomac, un ronron et un panier ','MANGE TON AME','senetal'),
  (16,'Chaprichti',11,'16.jpg','Ho mince alors ! ','MANGE TON AME','senetal'),
  (17,'Chichat',18,'17.jpg',' J ai pris trop d herbe a chat !','Fat','senetal'),
  (18,'Chamilo',31,'18.jpg',' Je suis beau comme un dieu.','Mignon','senetal'),
  (19,'Chapitre',64,'19.jpg',' Ce chat est toujours a la page.','Mignon','senetal'),
  (20,'Chagrin',64,'20.png',' Ce chat n as pas eu de chance, allez le consoler ','Mignon','senetal'),
  (21,'Chahute',64,'21.jpg','Ces chats ne vont pas se blesser. Ils s amusent.','Mignon','senetal'),
  (22,'Chaleur',37,'22.jpg',' Ideal pour les longues soirees d hiver, ce chat saura vous rechauffe.','chat','senetal'),
  (23,'Challenge',54,'23.jpg',' Ce chat sportif relevera n importe quel defi pour manger ! ','Fat','senetal'),
  (24,'Chalaid',21,'24.jpg','Meme s il n est pas tres beau, on l aime quand meme ','Fat','senetal'),
  (25,'Chaloupe',83,'25.jpg',' Ce chat aime l eau, et il a le pied marin','chat','senetal'),
  (26,'Chaluthier',54,'26.jpg','Ce dernier pourra vous reveiller la nuit, mais en musique. Il sera en parfait accord avec vous ! ','chat','senetal'),
  (27,'Chat botte',16,'27.jpg','Connaissez-vous mon maitre, Monseigneur le marquis de Carabas ?','drole','senetal')
  ;

INSERT INTO panier Values ('clercma',1,1),('clercma',3,1);

--chat dolf hitler
--chat pito
-- chat kira
--chat peau
--charbitre (#splatoon)
--chacripan,chaglam,chaffreux (pokemon)
--chat rlatan
--chao zedong
--chtaline
--chaprichtiif(isset($_SESSION['user'])){
--chi chat
--chat milo
--chat pitre
--chat grin
--chat hute
--chat l'heure
--chat lenge
--chat lait
--chat loupe
--chat lutier
--chat botte


--chat maille
--chat man
--chat moi
--chat pardeur
--chat pelure
--chat spaka
--chat bon
--chat cutire
--chat rio
--chat pie
--chatr man
--chat rie
--chat seur
--chat tainge (miss taigne)
--chat teau
--chat toyan
--chat vire
