insert into user values
  ('armandsyl','password','sylvain.armand@gmail.com','0102030405','1 rue Charles de Gaulle 76600 LE HAVRE'),
  ('clercma','password','max.clerc@gmail.com','0602030405','87 avenue Victor Hugo 45200 MONTARGIS'),
  ('senetal','password','alexandre.senet@gmail.com','0702030405','1 rue Charles de Gaulle 17500 BERGERAC');

insert into category values
  ('',NULL),
  ('Chaton',''),
  ('Mignon','Chaton'),
  ('Drole','Chaton'),
  ('Chat',''),
  ('Fat','Chat'),
  ('Colerique','Chat'),
  ('MANGE TON AME','Chat');

insert into products values
  (0,'He He',21,'0.png','Chat d un ancien president ','Mignon','clercma'),
  (1,'Gros yeux',42,'1.jpg','je te voie','Mignon','clercma'),
  (2,'Angry cat',38,'2.jpg','je suis joyeux','Colerique','clercma'),
  (3,'Big cat',74,'3.jpg','US cat','Fat','senetal'),
  (4,'Chat Masque',56,'4.jpg','Vous ne savez pas ce quil prepare','Mignon','senetal'),
  (5,'Chat percher',74,'5.jpg','Big broser waching you','MANGE TON AME','senetal'),
  (6,'ChatLine',39,'6.jpg','Si je nes pas mes croquette tu vas au goulag','MANGE TON AME','senetal'),
  (7,'Chatdolf htiler',88,'7.jpg','Ich möchte etwas Krokette ! ','Colerique','senetal'),
  (8,'Chat pito',9,'8.jpg','un chat en toute cirque constance  ','drole','senetal'),
  (9,'Chat peau',13,'9.jpg','Pour reste elegant en toute situation ','Mignon','senetal'),
  (10,'Chat kira',70,'10.jpg','Chat minet he he  ','Drole','senetal')
  ;

INSERT INTO panier Values ('clercma',1,1),('clercma',3,1);

--chat dolf hitler
--chat pito
-- chat kira
--chat peau
--charbitre (#splatoon)
--chacripan,chaglam,chaffreux (pokemon)
--chat rlatan
--chao zedong
--chtaline
--chaprichtiif(isset($_SESSION['user'])){
--chi chat
--chat milo
